Carrier Options;MCC/MNC
Vodafone (Ireland) (IE);"[ ""27201"" ]"
SFR (FR);"[ ""20810"" ]"
VIVA (BO);"[ ""73601"" ]"
SingTel (SG);"[ ""52501"" ]"
TIM (IT);"[ ""22201"" ]"
Zain (KW);"[ ""41902"" ]"
Cable & Wireless Panama (PA);"[ ""71401"" ]"
Orange (RE);"[ ""64700"" ]"
3 (AT);"[ ""23205"", ""23210"" ]"
Orange (Spain) (ES);"[ ""21403"" ]"
Vodafone (EG);"[ ""60202"" ]"
Orange Romania (RO);"[ ""22610"" ]"
3 (Denmark) (DK);"[ ""23806"" ]"
Bouygues France (FR);"[ ""20820"" ]"
EŽYS & Omnitel Extra (LT);"[ ""24601"" ]"
Vodafone UK (GB);"[ ""23415"" ]"
Spark New Zealand (NZ);"[ ""53005"" ]"
Cricket (US);"[ ""310016"", ""310150"" ]"
Vodafone (Spain) (ES);"[ ""21401"", ""21406"" ]"
Optus (AU);"[ ""50502"" ]"
A1 Croatia (HR);"[ ""21910"" ]"
Magenta (AT);"[ ""23203"", ""23207"", ""23215"" ]"
Hi3G Access AB (SE);"[ ""24002"" ]"
Helio (US);
Vodafone (AU);"[ ""50503"" ]"
TELUS (CA);"[ ""302220"" ]"
Sprint (US);"[ ""310002"", ""31012"", ""310120"", ""311490"", ""312530"", ""316010"" ]"
T-Mobile (US);"[ ""310260"" ]"
Telstra (AU);"[ ""50501"" ]"
MTN (GW);"[ ""63202"" ]"
WIND Hellas (GR);"[ ""20209"", ""20210"" ]"
O2 (CZ);"[ ""23002"" ]"
Vodafone (TR);"[ ""28602"" ]"
3 (Ireland) (IE);"[ ""27205"" ]"
Vodafone (Netherlands) (NL);"[ ""20404"" ]"
Vodafone Idea (IN);"[ ""40401"", ""40404"", ""40405"", ""40407"", ""40411"", ""40412"", ""40413"", ""40414"", ""40415"", ""40419"", ""40420 ..."
Manx Telecom (IM);"[ ""23458"" ]"
Ooredoo Maldives (MV);"[ ""47202"" ]"
Partner (IL);"[ ""42501"" ]"
Cosmote (GR);"[ ""20201"" ]"
Entel PCS (CL);"[ ""73001"" ]"
Orange (GB);"[ ""23433"" ]"
VIVACOM (Bulgaria) (BG);"[ ""28403"" ]"
3 UK (GB);"[ ""23420"" ]"
A1 Bulgaria (BG);"[ ""28401"" ]"
AT&T (US);"[ ""310410"" ]"
lifecell  (UA);"[ ""25506"" ]"
DNA Finland (FI);"[ ""24412"" ]"
Djezzy (DZ);"[ ""60302"" ]"
SMART (PH);"[ ""51503"" ]"
Orange Egypt (EG);"[ ""60201"", ""602018"" ]"
Zain (Bahrain) (BH);"[ ""42602"" ]"
Vodafone DE (DE);"[ ""26202"" ]"
Telcel (MX);"[ ""334020"" ]"
MTS (CA);"[ ""302660"" ]"
WINDTRE (IT);"[ ""22288"", ""22299"" ]"
Nextel (US);"[ ""316010"" ]"
VMO2 (GB);"[ ""23410"" ]"
Boost Mobile (US);"[ ""311870"" ]"
Etisalat (AE);"[ ""42402"" ]"
T-Mobile DE (DE);"[ ""26201"" ]"
MTN (NG);"[ ""62130"" ]"
A1 (SI);"[ ""29340"" ]"
Zain (SA);"[ ""42004"" ]"
Orange Belgium (BE);"[ ""20610"" ]"
Telenor Sweden (SE);"[ ""24008"" ]"
Dialog Axiata (LK);"[ ""41302"" ]"
XL Axiata (ID);"[ ""51008"", ""51011"" ]"
O2 (Ireland) (IE);
CelcomDigi (MY);"[ ""50216"" ]"
Orange (France) (FR);"[ ""20801"" ]"
Alfa (LB);"[ ""41501"" ]"
Telenor (PK);"[ ""41006"" ]"
PCCW mobile (HK);
Yettel Hungary (HU);"[ ""21601"" ]"
Telenor Norway (NO);"[ ""24201"" ]"
Telenor MNE (ME);"[ ""29701"" ]"
T-Mobile CZ (CZ);"[ ""23001"" ]"
Safaricom PLC (KE);"[ ""63902"" ]"
DSTCom (BN);"[ ""52811"" ]"
Tigo Panama (PA);"[ ""71402"", ""714020"" ]"
Emtel (MU);"[ ""61710"" ]"
Metro (US);"[ ""311660"" ]"
U Mobile (MY);"[ ""50218"" ]"
Telefonica Ecuador (EC);"[ ""74000"" ]"
Movistar (MX);"[ ""33403"", ""334030"" ]"
TIM (BR);"[ ""72402"", ""72403"", ""72404"", ""72454"" ]"
Vodafone Italy (IT);"[ ""22210"" ]"
One New Zealand (NZ);"[ ""53001"" ]"
Movistar Colombia (CO);"[ ""732123"" ]"
A1 (AT);"[ ""23201"", ""23208"", ""23212"", ""23220"" ]"
U.S. Cellular (US);"[ ""311220"", ""311580"" ]"
Vodafone Greece (GR);"[ ""20205"" ]"
Nio (BR);"[ ""72416"", ""72424"", ""72431"" ]"
3HK (HK);"[ ""45403"" ]"
Claro (AR);"[ ""722310"" ]"
CSL (HK);"[ ""45400"" ]"
TDC (Denmark) (DK);"[ ""23801"" ]"
Vodacom (ZA);"[ ""65501"" ]"
Zain (JO);"[ ""41601"" ]"
Ooredoo Tunisie (TN);"[ ""60503"" ]"
Odido (NL);"[ ""20416"" ]"
Jazz (PK);"[ ""41001"", ""41007"" ]"
Vodafone Romania (RO);"[ ""22601"" ]"
Claro (UY);"[ ""74810"" ]"
M1 Limited (M1) (SG);"[ ""52503"" ]"
banglalink (BD);"[ ""47003"" ]"
StarHub Ltd (SG);"[ ""52505"" ]"
O2 (SK);"[ ""23106"" ]"
Telefonica PE (Movistar) (PE);"[ ""71606"" ]"
Verizon (US);"[ ""311480"" ]"
Movistar Argentina (AR);"[ ""72207"" ]"
touch (LB);"[ ""41503"" ]"
Movistar Chile (CL);"[ ""73002"", ""73007"" ]"
Movistar Venezuela (VE);"[ ""73404"" ]"
dtac (TH);"[ ""52005"" ]"
SaskTel (CA);"[ ""302780"" ]"
Virgin Mobile Canada (CA);
Telenor  (RS);"[ ""22001"" ]"
Movistar España (ES);"[ ""21405"", ""21407"" ]"
Tri Indonesia (ID);"[ ""51089"" ]"
TeliaSonera Finland (FI);"[ ""24491"" ]"
Alltel (US);"[ ""310330"" ]"
Telia (SE);"[ ""24001"" ]"
o2 (DE);"[ ""26203"", ""26207"" ]"
Turkcell (TR);"[ ""28601"" ]"
Vodafone Malta (MT);"[ ""27801"" ]"
Airtel (IN);"[ ""40402"", ""40403"", ""40410"", ""40416"", ""40431"", ""40440"", ""40445"", ""40449"", ""40470"", ""40490"", ""40492 ..."
Grameenphone (BD);"[ ""47001"" ]"
Vodafone (PT);"[ ""26801"" ]"
SLTMOBITEL (LK);"[ ""41301"" ]"
Slovak Telekom (SK);"[ ""23102"" ]"
Claro (PY);"[ ""74402"", ""744020"" ]"
Personal (AR);"[ ""72234"", ""722341"" ]"
Cincinnati Bell (US);"[ ""310420"" ]"
Macau Telecom (MO);
Tigo (CO);"[ ""732103"", ""732111"" ]"
A1 Srbija (RS);"[ ""22005"" ]"
Vivo (BR);"[ ""72406"", ""72410"", ""72411"", ""72423"" ]"
Zain Sudan (SD);"[ ""63401"" ]"
Globe (PH);"[ ""51501"", ""51502"" ]"
Outremer Telecom (FR);
Salt Mobile (CH);"[ ""22803"" ]"
du (AE);"[ ""42403"" ]"
A1 Makedonija (MK);"[ ""29402"", ""29403"" ]"
Tele2 (SE);"[ ""24007"" ]"
Virgin Mobile (FR);"[ ""20823"" ]"
Türk Telekom (TR);"[ ""28603"" ]"
Cellcom (US);"[ ""310600"" ]"
Tigo Paraguay (PY);"[ ""74404"" ]"
Aircel India (IN);"[ ""40417"", ""40425"", ""40428"", ""40429"", ""40433"", ""40437"", ""40441"", ""40442"", ""40491"", ""405800"", ""4058 ..."
Videotron (CA);"[ ""302500"" ]"
ANTEL (UY);"[ ""74801"" ]"
Personal (PY);"[ ""74405"" ]"
Movistar Nicaragua (NI);"[ ""71030"", ""710300"" ]"
Ooredoo Oman (OM);"[ ""42203"" ]"
Comviq (SE);
Tele2 Netherlands (NL);"[ ""20402"" ]"
Tele2 Norway (NO);
Tele2 Lithuania (LT);"[ ""24603"" ]"
Swisscom (CH);"[ ""22801"" ]"
Tigo El Salvador (SV);"[ ""70603"" ]"
Maxis (MY);"[ ""50212"" ]"
Cell C (ZA);"[ ""65507"" ]"
Etisalat Lanka (LK);"[ ""41303"" ]"
Vodafone CZ (CZ);"[ ""23003"" ]"
Tele2 Eesti (EE);"[ ""24803"" ]"
nTelos Wireless (US);"[ ""310470"" ]"
Pioneer Cellular (US);"[ ""310360"" ]"
Airtel Sri Lanka (LK);"[ ""41305"" ]"
Tigo (BO);"[ ""73603"" ]"
Crnogorski Telekom (ME);"[ ""29702"" ]"
Tigo (GT);"[ ""70402"" ]"
TeliaSonera Denmark (DK);"[ ""23820"" ]"
Orange Slovakia (SK);"[ ""23101"" ]"
Ooredoo (DZ);"[ ""60303"" ]"
T-Mobile Macedonia (MK);"[ ""29401"" ]"
Celcom Axiata Berhad (MY);"[ ""50219"" ]"
Dhiraagu (MV);"[ ""47201"" ]"
Vodafone Fiji (FJ);"[ ""54201"" ]"
Smartfren (ID);"[ ""51009"", ""51028"" ]"
Sun Cellular (PH);"[ ""51505"" ]"
Bakrie Telecom (Esia) (ID);
Orange Jordan (JO);"[ ""41677"", ""416770"" ]"
Telkomsel (ID);"[ ""51010"" ]"
Orange Poland (PL);"[ ""26003"" ]"
Ooredoo (QA);"[ ""42701"" ]"
Reliance (IN);"[ ""40409"", ""40418"", ""40436"", ""40452"", ""40467"", ""40483"", ""40485"", ""40501"", ""40505"", ""40506"", ""40507 ..."
Tigo Honduras (HN);"[ ""70802"", ""708020"" ]"
Telenor Denmark (DK);"[ ""23802"" ]"
Airtel (TZ);"[ ""64005"" ]"
MEO / Moche (PT);"[ ""26806"" ]"
VIVA (DO);"[ ""37004"" ]"
airtel Bangladesh Ltd (BD);"[ ""47007"" ]"
Robi Airtel (BD);"[ ""47002"" ]"
Claro Nicaragua (NI);"[ ""71021"", ""710730"" ]"
AIS (TH);"[ ""52003"" ]"
Claro Guatemala (GT);"[ ""70401"", ""70403"" ]"
Telekom (HU);"[ ""21630"" ]"
Digicel Antigua & Barbuda (AG);
Proximus (BE);"[ ""20601"" ]"
Claro (BR);"[ ""72405"", ""72439"" ]"
Digicel Haiti (HT);
Digicel Samoa (WS);
Digicel Jamaica (JM);"[ ""338050"" ]"
Digicel Guyana (GY);"[ ""73801"" ]"
Bluegrass Cellular (US);"[ ""31144"", ""311440"", ""311800"" ]"
Digicel Fiji (FJ);"[ ""54202"" ]"
Digicel French West Indies (Martinique, Guadeloupe & French Guiana) (GP);
Digicel Papua New Guinea (PG);"[ ""53703"" ]"
Digicel Bermuda (BM);"[ ""338050"" ]"
Digicel Trinidad & Tobago (TT);"[ ""37413"", ""374130"" ]"
Beeline (RU);"[ ""25099"" ]"
Mobile Telesystems (RU);"[ ""25001"" ]"
中華電信 (ChungHwa Telecom) (TW);"[ ""46692"" ]"
Claro El Salvador (SV);"[ ""70601"" ]"
Viettel (VN);"[ ""45204"" ]"
Digicel Turks & Caicos (TC);"[ ""376360"" ]"
Telekom Mobile Romania  (RO);"[ ""22603"", ""22606"" ]"
Indosat IM3 (ID);"[ ""51001"", ""51021"" ]"
STC (SA);"[ ""42001"" ]"
MTN (GH);"[ ""62001"" ]"
MTNL (India) (IN);
PosteMobile (IT);"[ ""22233"" ]"
Ufone (PK);"[ ""41003"" ]"
Freedom Mobile (CA);"[ ""302490"" ]"
e& (EG);"[ ""60203"" ]"
BASE (BE);"[ ""20620"" ]"
Digitel (VE);"[ ""73402"" ]"
ZONG 4G (PK);"[ ""41004"" ]"
Videocon (IN);"[ ""405932"" ]"
Etisalat Afghanistan (AF);"[ ""41250"" ]"
MTN South Africa (ZA);"[ ""65510"" ]"
Entel Bolivia (BO);"[ ""73602"" ]"
KPN Mobiel (NL);"[ ""20408"", ""20412"" ]"
Digicel El Salvador (SV);"[ ""70602"" ]"
NTT Docomo (keitai) (JP);
2degrees Mobile (NZ);"[ ""53024"" ]"
Digicel Barbados (BB);
Digicel Panama (PA);"[ ""71404"" ]"
Claro Honduras (HN);"[ ""708001"" ]"
Pelephone Israel  (IL);"[ ""42503"" ]"
Orange Tunisie (TN);"[ ""60501"" ]"
KT (KR);"[ ""45008"" ]"
T-Mobile (PL);"[ ""26002"" ]"
Azercell Telecom LLC (AZ);"[ ""40001"" ]"
遠傳電信 (FarEastTone) (TW);"[ ""46601"" ]"
Orange Côte d'Ivoire (CI);"[ ""61203"" ]"
Umniah (JO);"[ ""41603"" ]"
Zain (UG);
Orange (AT);
Yemen Oman United (YE);"[ ""42102"" ]"
Orange Mauritius  (MU);"[ ""61701"" ]"
Tele2 Russia (RU);"[ ""25005"", ""25020"" ]"
Telma (MG);"[ ""64604"" ]"
MTS India (IN);"[ ""40400"" ]"
Lebara (ES);
Africell Uganda (UG);"[ ""64114"" ]"
Cellcom (IL);"[ ""42502"", ""42515"" ]"
MTN (ZM);"[ ""64502"" ]"
NOS (PT);"[ ""26803"" ]"
Smartone (HK);"[ ""45406"" ]"
Be Aliv (BS);"[ ""36449"" ]"
MTN Uganda (UG);"[ ""64110"" ]"
Altice Dominicana (DO);"[ ""37001"" ]"
Orange Madagascar (MG);"[ ""64602"" ]"
Saunalahti (FI);
MTN Rwanda (RW);"[ ""63510"" ]"
MTN (SD);"[ ""63402"" ]"
Vodafone Albania (AL);"[ ""27602"" ]"
T-Hrvatski Telekom (HR);"[ ""21901"" ]"
i wireless (US);"[ ""310770"" ]"
Cellcard (KH);"[ ""45601"" ]"
Zantel (Part of Millicom) (TZ);"[ ""64003"" ]"
Airtel RDC (CD);
Fido (CA);"[ ""302370"" ]"
Mascom (BW);"[ ""65201"" ]"
Elisa (FI);"[ ""24405"", ""24421"" ]"
Smart Axiata (KH);"[ ""45602"", ""45606"" ]"
Jawwal Palestine (PS);"[ ""42505"" ]"
Orange Senegal (SN);"[ ""60801"" ]"
Tata DoCoMo (IN);"[ ""405025"", ""405027"", ""405030"", ""405031"", ""405034"", ""405035"", ""405036"", ""405037"", ""405038"", ""405039"" ..."
Moldcell (MD);"[ ""25902"" ]"
Telkom Kenya (KE);"[ ""63907"" ]"
Beeline (KG);"[ ""43701"" ]"
Beeline (KZ);"[ ""40101"" ]"
Beeline (AM);"[ ""28301"" ]"
Zain (IQ);"[ ""41820"", ""41830"" ]"
Orange Moldova (MD);"[ ""25901"" ]"
Telenor (BG);"[ ""28405"" ]"
chatr (CA);
IPKO Telecommunications (XK);
UNITEL (AO);"[ ""63102"" ]"
Kcell (KZ);"[ ""40102"" ]"
Mytel (MM);"[ ""41409"" ]"
MTN Cote D'Ivoire (CI);"[ ""61205"" ]"
Tune Talk (MY);"[ ""502150"" ]"
Ncell (NP);"[ ""42902"" ]"
MTN Benin (BJ);"[ ""61603"" ]"
Tele2 Latvia (LV);"[ ""24702"" ]"
MTN Cameroon (CM);"[ ""62401"" ]"
Unite (MD);"[ ""25905"" ]"
Wataniya (PS);"[ ""42506"" ]"
Tracfone (US);
Orange Morocco (MA);"[ ""60400"" ]"
Beeline (UZ);"[ ""43404"" ]"
Beeline (GE);"[ ""28204"" ]"
AirtelTigo (GH);"[ ""62003"", ""62006"" ]"
TrueMove H (TH);"[ ""52000"", ""52004"" ]"
Orange Niger (NE);"[ ""61404"" ]"
mts (RS);"[ ""22003"" ]"
Orange Guinea Conakry (GN);"[ ""61101"" ]"
Movistar El Salvador (SV);"[ ""70604"" ]"
MTN (SZ);"[ ""65310"" ]"
Claro Puerto Rico (PR);"[ ""330110"" ]"
Vietnamobile (VN);"[ ""45205"" ]"
VIVA Kuwait (KW);"[ ""41904"" ]"
Beeline (TJ);
Vodafone (Qatar) (QA);"[ ""42702"" ]"
Mineo (JP);
MegaFon (RU);"[ ""25002"" ]"
Motiv (RU);"[ ""25035"" ]"
Føroya Tele (FO);"[ ""28801"" ]"
Orange Cameroon (CM);"[ ""62402"" ]"
ONE ALBANIA (AL);"[ ""27601"", ""27603"" ]"
Wataniya (KW);
Asiacell (IQ);"[ ""41805"" ]"
Orange RDC (CD);"[ ""63086"" ]"
Kyivstar (UA);"[ ""25502"", ""25503"" ]"
4ka (SK);"[ ""23103"" ]"
Moov Côte d'Ivoire (CI);"[ ""61202"" ]"
Movistar Costa Rica (CR);"[ ""71204"" ]"
TeliaSonera Estonia (EE);"[ ""24801"" ]"
MTCE (IR);"[ ""43270"" ]"
Movistar Uruguay (UY);"[ ""74807"" ]"
Mobily (SA);"[ ""42003"" ]"
Korek Telecom (IQ);"[ ""41840"", ""41882"" ]"
Viaero Wireless (US);"[ ""310450"" ]"
Hutchison Telecommunications Lanka (Pvt) Ltd. (LK);"[ ""41308"" ]"
SK Telecom (KR);"[ ""45005"" ]"
Free Senegal (SN);"[ ""60802"" ]"
亞太電信 (APTG) (TW);"[ ""46605"" ]"
Vodacom Moçambique (MZ);"[ ""64304"" ]"
Lonestar Cell MTN (LR);"[ ""61801"", ""61804"" ]"
Claro (CO);"[ ""732101"" ]"
Orange Botswana (BW);"[ ""65202"" ]"
Vodafone (SE);
Entel (PE);"[ ""71617"" ]"
LG U+ (KR);"[ ""45006"" ]"
Tigo (TZ);"[ ""64002"" ]"
Magticom (GE);"[ ""28202"" ]"
Hola Paraguay S.A. (PY);"[ ""74401"" ]"
KKTCELL (CY);
WOM (CL);"[ ""73009"" ]"
VIVA Bahrain (BH);"[ ""42604"" ]"
Claro Dominican Republic (DO);"[ ""37002"" ]"
Claro Panama (PA);"[ ""71403"" ]"
3Mob (UA);"[ ""25507"" ]"
Yoigo (ES);"[ ""21404"" ]"
Telecom Vanuatu Limited (VU);
MEGA (KG);"[ ""43705"" ]"
GCI (US);"[ ""311370"" ]"
Vodacom (TZ);"[ ""64004"" ]"
Telecel ZW (ZW);"[ ""64803"" ]"
Vodacom Congo (CD);
NTT Docomo (smartphone) (JP);"[ ""44010"" ]"
Claro (PE);"[ ""71610"" ]"
MTN (AF);"[ ""41240"" ]"
Econet Telecom Lesotho (LS);"[ ""65102"" ]"
Globacom (NG);"[ ""62150"" ]"
Play (PL);"[ ""26006"" ]"
VinaPhone (VN);"[ ""45202"" ]"
life:) (BY);"[ ""25704"" ]"
inwi (MA);"[ ""60402"" ]"
Yemen Mobile (YE);"[ ""42103"", ""42111"" ]"
Nextel (AR);"[ ""722020"" ]"
Appalachian Wireless (US);"[ ""310750"" ]"
Alaska Communications (US);"[ ""310050"" ]"
Orange Guadeloupe (GP);
Airtel Niger (NE);
China Unicom (CN);"[ ""46001"", ""46006"" ]"
Vodafone Ukraine (UA);"[ ""25501"" ]"
Lucky Mobile (CA);
Mobilicity (CA);"[ ""302320"" ]"
Telecel Ghana (GH);"[ ""62002"" ]"
Movilnet (VE);"[ ""73406"" ]"
Carolina West (US);"[ ""310130"" ]"
Reliance Jio (IN);"[ ""405840"", ""405854"", ""405855"", ""405856"", ""405857"", ""405858"", ""405859"", ""405860"", ""405861"", ""405862"" ..."
9mobile (NG);"[ ""62160"" ]"
MTS (BY);"[ ""25702"" ]"
Orange Mali (ML);"[ ""61002"" ]"
Libyana Mobile Phone (LY);"[ ""60603"" ]"
bmobile (TT);"[ ""37412"", ""374129"" ]"
Thumb cellular (US);"[ ""311050"" ]"
Roshan (AF);"[ ""41220"" ]"
Babilon Mobile (TJ);"[ ""43604"" ]"
Unitel T+ (CV);
ooredoo Palestine (PS);"[ ""42506"" ]"
Flow (Antigua and Barbuda) (AG);"[ ""344920"" ]"
VivaCell-MTS (AM);"[ ""28305"" ]"
Revol (US);
Bakcell (AZ);"[ ""40002"" ]"
Iliad Italy (IT);"[ ""22250"" ]"
Metfone (KH);"[ ""45608"" ]"
Beeline (LA);"[ ""45708"" ]"
CNT (EC);"[ ""74002"" ]"
MTN CONGO (CG);"[ ""62910"" ]"
Gmobile (VN);"[ ""45207"" ]"
Geocell (GE);"[ ""28201"" ]"
MobiCom (MN);"[ ""42899"" ]"
Vodafone Hungary (HU);"[ ""21670"" ]"
Afghan Wireless Communication Company (AF);"[ ""41201"", ""412012"" ]"
gmobile (MN);"[ ""42806"" ]"
Nepal Telecom (NP);"[ ""42901"", ""42903"" ]"
Telcel (PH);
Nex-Tech Wireless (US);"[ ""312420"" ]"
Open Mobile (PR);"[ ""330000"" ]"
MTA Wireless (US);
HT ERONET (BA);"[ ""21803"" ]"
MobiFone (VN);"[ ""45201"" ]"
Airtel Malawi (MW);"[ ""65010"" ]"
ORANGE (SL);"[ ""61901"" ]"
RCS & RDS Mobile (RO);"[ ""22605"" ]"
Altyn Asyr/TM-Cell (TM);"[ ""43802"" ]"
Ooredoo Myanmar (MM);"[ ""41405"" ]"
Airtel (KE);"[ ""63903"" ]"
UNITEL (MN);"[ ""42888"" ]"
WOM Colombia (CO);"[ ""732130"", ""732360"" ]"
Enterprise of Telecommunications Lao (LA);"[ ""45702"" ]"
Sure, Cable & Wireless Communication (GB);"[ ""23455"" ]"
Latvian Mobile Telephone (LV);"[ ""24701"" ]"
Ucell (UZ);"[ ""43405"" ]"
CHILI (MU);"[ ""61703"" ]"
Ethio Telecom (ET);"[ ""63601"" ]"
Claro Costa Rica (CR);"[ ""71203"" ]"
Ion Mobile (ES);"[ ""21434"" ]"
Euskaltel (ES);"[ ""21408"" ]"
Telemor (TL);"[ ""51403"" ]"
EE (GB);"[ ""23430"", ""23433"" ]"
Orange Centrafrique (CF);"[ ""62303"" ]"
TOT3G (TH);"[ ""52015"" ]"
Chariton Valley (US);"[ ""311010"" ]"
SRR (RE);"[ ""64710"" ]"
Airtel (ZM);"[ ""64501"" ]"
CoopVoce (IT);
Docomo Pacific (GU);
Lycamobile (FR);"[ ""20825"" ]"
Omantel (OM);"[ ""42202"" ]"
Tcell (TJ);"[ ""43602"" ]"
Newroz Telecom (IQ);
Vodafone (IS);"[ ""27402"" ]"
West Central Wireless  (US);"[ ""310180"" ]"
Airtel Gabon (GA);"[ ""62803"" ]"
Rain Network (ZA);"[ ""65519"", ""65538"" ]"
Viettel Cameroun (CM);"[ ""62404"" ]"
KKTCTelsim (CY);
Evatis (SO);
Airtel (SC);"[ ""63310"" ]"
Sudani (SD);"[ ""63407"" ]"
Econet (ZW);"[ ""64804"" ]"
UTL Uganda Telecom (UG);"[ ""64111"" ]"
TM (PH);
QCell Sierra Leone Limited (SL);"[ ""61907"" ]"
Amirash GT (US);
MTN Cyprus (CY);"[ ""28010"" ]"
NetOne Cellular (ZW);"[ ""64801"" ]"
Gamcel (GM);"[ ""60701"" ]"
SoftBank (smartphone) (JP);"[ ""44020"" ]"
SABAFON (YE);"[ ""42101"" ]"
Telenor (IN);"[ ""405818"", ""405819"", ""405876"", ""405879"", ""405927"", ""405929"" ]"
Mega Móvil (CO);
Vodafone CK (CK);"[ ""54801"" ]"
Airtel (TD);"[ ""62201"" ]"
Azerfon (AZ);"[ ""40004"" ]"
Bob (AT);"[ ""23211"" ]"
Spectrum Mobile (US);
ETB (CO);"[ ""732187"" ]"
MTN Guinée (GN);"[ ""61104"" ]"
SYRIAN_TELECOM (SO);
Dauphin Telecom (GP);"[ ""34008"" ]"
Mobilis (DZ);"[ ""60301"" ]"
XFINITY Mobile (US);
Beeline (KH);
Dolphin (IN);"[ ""40468"", ""40469"" ]"
au by KDDI (smartphone) (JP);"[ ""44050"", ""44051"", ""44053"", ""44054"", ""44071"", ""44072"", ""44073"" ]"
SKYtel (MN);"[ ""42801"" ]"
DITO (PH);"[ ""51566"" ]"
Ucom (AM);"[ ""28310"" ]"
GORAN-NET ISP (IQ);"[ ""41877"" ]"
Smart Mobile (UG);"[ ""64118"" ]"
Algar Telecom (BR);"[ ""72432"", ""72433"", ""72434"" ]"
Vodafone PNG (PG);"[ ""53704"" ]"
Orange Liberia (LR);"[ ""61807"" ]"
Beeline (US);
Claro Chile (CL);"[ ""73003"" ]"
Fastweb (IT);"[ ""22208"" ]"
nTelos Wireless (GU);
Airtel (CG);"[ ""62901"" ]"
Cameroon Telecommunications (CM);"[ ""62405"" ]"
Telecel (CN);
Mid-Rivers Wireless (US);"[ ""310900"" ]"
Brisanet (BR);"[ ""72477"" ]"
Bell Mobility (CA);"[ ""30261"" ]"
Digi Mobile HU (HU);"[ ""21603"" ]"
Ho Mobile (IT);
IIJmio (JP);"[ ""44003"" ]"
Virgin Media (IE);"[ ""27215"" ]"
Pine Belt Wireless (US);"[ ""311670"" ]"
Plateau (US);"[ ""310100"" ]"
Rogers (CA);"[ ""30272"" ]"
Tunisie Telecom (TN);"[ ""60502"" ]"
Maroc Telecom (MA);"[ ""60401"" ]"
By.U (ID);
Airtel (UG);"[ ""64101"", ""64122"" ]"
Rostelecom (RU);"[ ""25039"" ]"
Union Wireless (US);"[ ""310020"" ]"
JT Group (GB);"[ ""23450"" ]"
MTC Namibia (NA);"[ ""64901"" ]"
Tigo (TD);"[ ""62203"" ]"
Bait (MX);
Orange (BF);"[ ""61302"" ]"
Lycamobile (ES);"[ ""21425"" ]"
Visible (US);
Telecel (CF);"[ ""62302"" ]"
MEDIONMobile (DE);
Pine Cellular (US);"[ ""311080"" ]"
Airtel (MG);"[ ""64601"" ]"
Beeline (UA);
Almadar Aljadeed (LY);"[ ""60601"" ]"
Nova (IS);"[ ""27411"" ]"
Timor Telecom (TL);"[ ""51402"" ]"
B-Mobile (BT);"[ ""40211"" ]"
Malitel (ML);"[ ""61001"" ]"
TPG Telecom Pte. Ltd (SG);"[ ""52510"" ]"
Sunrise Communications AG (CH);"[ ""22802"" ]"
B-Mobile (BN);
Smart Cell (NP);"[ ""42904"" ]"
Lebara (DE);
China Telecom (CN);"[ ""46003"" ]"
Unefone (MX);"[ ""33405"" ]"
Hot Mobile (IL);"[ ""42507"" ]"
APUA  (AG);"[ ""34403"" ]"
Ziggo (NL);"[ ""20418"" ]"
019 Mobile (IL);"[ ""42519"" ]"
Telkom (ZA);"[ ""65502"" ]"
China Mobile Hong Kong (HK);"[ ""45412"" ]"
MegaFon Tajikistan (TJ);"[ ""43603"" ]"
Vodacom (LS);"[ ""65101"" ]"
Celltis (BJ);"[ ""61607"" ]"
Expresso Senegal (SN);"[ ""60803"" ]"
Chess (NO);
Mobitel (Telekom Slovenjie) (SI);"[ ""29341"" ]"
Movitel (MZ);"[ ""64303"" ]"
TKC (IR);"[ ""43214"" ]"
BH Mobile (BA);"[ ""21890"" ]"
Warid Uganda (UG);
Cellular One Arizona (US);"[ ""310320"" ]"
Lycamobile (IT);"[ ""22235"" ]"
Inland Cellular (US);"[ ""310580"" ]"
UPC (HU);"[ ""21671"" ]"
Telkomcel Timor Leste (TL);"[ ""51401"" ]"
1&1 (DE);"[ ""26223"" ]"
Natcom (HT);"[ ""37203"" ]"
Bahrain Telecommunications Company (BH);"[ ""42601"" ]"
Globe (IL);
Movitel (CU);
Claro (EC);"[ ""74001"", ""740010"" ]"
Very Mobile (IT);
GPTC (LY);
Kena Mobile (IT);"[ ""22207"" ]"
Free Mobile (FR);"[ ""20815"" ]"
Aero2 (PL);"[ ""26017"" ]"
Orange (KM);
Lycamobile (BE);"[ ""20606"" ]"
Otros (MX);
China Mobile [Intern FB Test] (TV);
Africell  (CD);"[ ""63090"" ]"
Telenor (FI);
Tele2 Croatia (HR);"[ ""21902"" ]"
C Spire Wireless (US);"[ ""311230"" ]"
Orange Luxembourg (LU);"[ ""27099"" ]"
Mauritel SA (MR);
Tiscali (IT);"[ ""22247"" ]"
MTN (IR);"[ ""43235"" ]"
Tamin Telecom (IR);"[ ""43220"" ]"
Orange (YT);
ice.net (NO);"[ ""24214"" ]"
Africell (AO);"[ ""63105"" ]"
Airtel (RW);"[ ""63513"", ""63514"" ]"
EastLink Mobile (CA);"[ ""302270"" ]"
Moov Africa Tchad (TD);"[ ""62203"" ]"
Taliya (IR);"[ ""43232"" ]"
Moçambique Telecom, SA (MZ);"[ ""64301"" ]"
Virgin Media (GB);"[ ""23438"" ]"
TStar (TW);"[ ""46689"" ]"
Vala (RS);
Libertis (GA);"[ ""62801"" ]"
Lycamobile (US);"[ ""31196"" ]"
Yota (RU);"[ ""25011"" ]"
CVMovel (CV);"[ ""62501"" ]"
Telesur (SR);"[ ""74602"" ]"
Virgin Mobile (PL);
MobilePartnerTest (IE);
SmarTone Macau (MO);
NTT docomo MVNO (JP);
MOOV AFRICA NIGER (NE);
Virgin Mobile (SA);"[ ""42005"" ]"
Datora Mobile Telecomunicações SA (BR);
Telecel (ML);"[ ""61003"" ]"
О (Nur Telecom) (KZ);
SYRIAN_TELECOM (SY);"[ ""41701"" ]"
SRR (KM);
Cellcom Guinea (GN);"[ ""61105"" ]"
Klarmobil (DE);
Bite (LT);
Tango (LU);"[ ""27077"" ]"
Moov Togo (TG);"[ ""61503"" ]"
m:tel (BA);"[ ""21805"" ]"
Flow Jamaica (JM);"[ ""338180"" ]"
Gemtel (SS);"[ ""65903"" ]"
Digicel Suriname (SR);"[ ""74603"" ]"
GOMO (PH);
Telecel Faso (BF);"[ ""61303"" ]"
Access Communications Limited (MW);"[ ""65002"" ]"
Tesco (GB);
Plus Poland (PL);"[ ""26001"" ]"
Telia (NO);"[ ""24202"", ""24205"" ]"
BTC Bahamas (BS);"[ ""36439"" ]"
Altice USA  (US);
GO Mobile (MT);"[ ""27821"" ]"
TTCL (TZ);"[ ""64007"" ]"
China Mobile (CN);"[ ""46000"", ""46002"" ]"
Manx Telecom (GB);"[ ""23458"" ]"
MyRepublic (SG);
Tusmobil (SI);"[ ""29370"" ]"
Elisa (EE);"[ ""24802"" ]"
MPT (MM);"[ ""41400"", ""41401"", ""41404"" ]"
Orange French Guiana (GF);
Lycamobile (CH);"[ ""22854"" ]"
Orange (MQ);
VTR Móvil (CL);"[ ""73008"" ]"
SCO (PK);"[ ""41005"" ]"
Express Wi-Fi (DNET) (ID);
Bite Lithuania (LT);"[ ""24602"" ]"
Plus (AL);"[ ""27604"" ]"
Telecall (BR);"[ ""72440"" ]"
JT Mobile (JE);
Africell (GM);"[ ""60702"" ]"
La Poste Mobile (FR);
Somtel South Central Somalia (SO);
Eswatini Mobile LTD (SZ);
Universal Mobile Systems LLC (UZ);"[ ""43407"" ]"
NewCore Wireless (US);"[ ""311530"" ]"
Cellular One MTPCS (US);"[ ""310570"" ]"
Moov (BJ);"[ ""61602"" ]"
Swazi Mobile Ltd (SZ);
Consumer Cellular (US);"[ ""31060"" ]"
Rakuten Mobile (JP);"[ ""44011"" ]"
Moov (CF);"[ ""62301"" ]"
Mundio Mobile (GB);"[ ""23401"" ]"
Ooredoo (KW);"[ ""41903"" ]"
Y!Mobile (JP);"[ ""44000"" ]"
3 (MO);"[ ""45503"" ]"
GTA Teleguam (GU);
Telekom Networks Malawi Limited (MW);"[ ""65001"" ]"
Togocom (TG);"[ ""61501"" ]"
Glo Mobile (Globacom) (BJ);"[ ""61605"" ]"
Vodafone (QA);"[ ""42702"" ]"
AT&T MX (MX);"[ ""334050"", ""334090"" ]"
Cable & Wireless (C&W) (SC);"[ ""63301"" ]"
Teletalk (BD);"[ ""47004"" ]"
Oister (DK);
O! (KG);"[ ""43709"" ]"
Halotel (TZ);"[ ""64009"" ]"
Lycamobile (IE);"[ ""27213"" ]"
Lycamobile (DE);"[ ""26243"" ]"
MTN (SS);"[ ""65902"" ]"
Cellular One of East Central Illinois (US);"[ ""311190"" ]"
中国电信 (MO);
Une EMP (CO);
Telia (LT);"[ ""24601"" ]"
MTN (SY);"[ ""41702"" ]"
Bip Madagascar (MG);"[ ""64605"" ]"
Lycamobile (NL);"[ ""20409"" ]"
Digicel Papua New Guinea (SB);
YouPhone (IL);"[ ""42514"" ]"
BT (GB);"[ ""23400"" ]"
Afghan Telecom (AF);"[ ""41280"" ]"
JT Group (JE);
Moov (GA);"[ ""62802"" ]"
Digi (PT);"[ ""26802"" ]"
Orange (Sonatel) (GW);"[ ""63203"" ]"
Humans (UZ);"[ ""43408"" ]"
Lidl Mobile (DE);
Digicel (LC);"[ ""338050"" ]"
Botswana Telecommunications Corporation (BW);"[ ""65204"" ]"
Kolbi ICE (CR);"[ ""71201"" ]"
Unitel T+ (ST);
Ålcom (FI);"[ ""24414"" ]"
TestRemoteCarrier (AG);
Digicel Aruba, Bonaire, Curacao (CW);"[ ""36269 "" ]"
Liberty Mobile (PR);
T-Mobile (PR);
Entel [Intern FB Test] (TV);
Safaricom Ethiopia (ET);"[ ""63602"" ]"
Intercel+ (GN);"[ ""61103"" ]"
au by KDDI MVNO (JP);
Lycamobile (GB);"[ ""23426"" ]"
Tuenti (EC);"[ ""74003"" ]"
UZO (PT);
Cinco Telecom (BR);
Fastlink (IQ);"[ ""41866"" ]"
Lycamobile  (UG);"[ ""64126"" ]"
Telna (US);"[ ""310840"" ]"
UPC (CH);"[ ""22853"" ]"
Zed Mobile (ZM);"[ ""64504"" ]"
Siminn (IS);"[ ""27401"" ]"
Telenor Myanmar  (MM);"[ ""41406"" ]"
Plusnet (GB);
MCI (IR);"[ ""43211"" ]"
BSNL (India) (IN);"[ ""40434"", ""40438"", ""40451"", ""40453"", ""40454"", ""40455"", ""40457"", ""40458"", ""40459"", ""40462"", ""40464 ..."
Setar GSM (AW);"[ ""36301"" ]"
DIGI mobil España (ES);"[ ""21422"" ]"
Flow Barbados (BB);
Sky Mobile (GB);"[ ""23457"" ]"
NRJ Mobile (FR);"[ ""20826"" ]"
Unitel (LA);"[ ""45703"" ]"
Highland Cellular (US);"[ ""310007"" ]"
Tele2 Kazakhstan (KZ);"[ ""40177"" ]"
Movicel (AO);"[ ""63104"" ]"
Unitel STP (ST);"[ ""62602"" ]"
Lao Telecom (LA);"[ ""45701"" ]"
Globacom (GH);"[ ""62007"" ]"
Libyana Mobile Phone  (LY);"[ ""60603"" ]"
Zain South Sudan (SS);"[ ""65906"" ]"
BellTel (PH);
Cyta (CY);"[ ""28001"" ]"
Bite (LV);"[ ""24705"" ]"
Progesif (BN);"[ ""52802"" ]"
Melita (MT);"[ ""27877"" ]"
TIM (PH);
QCell (GM);"[ ""60704"" ]"
Bitel (PE);"[ ""71615"" ]"
Lycamobile (PL);"[ ""26009"" ]"
Telma Comores (KM);"[ ""65402"" ]"
Tuenti Movil (ES);"[ ""21432"" ]"
POST Luxembourg (LU);"[ ""27001"" ]"
A1 Belarus (BY);"[ ""25701"" ]"
Evatis (DJ);"[ ""63801"" ]"
Telecom Egypt (EG);"[ ""60204"" ]"
TeleCable (ES);"[ ""21416"" ]"
TELMEX TELECOMUNICACIONES (CO);
Africell (SL);"[ ""61905"" ]"
Telcel (CN);
South East Asia Telecom (KH);"[ ""45611"" ]"
Golan Telecom (IL);"[ ""42508"" ]"
China Unicom (HK);"[ ""45407"" ]"
Lycamobile (SE);"[ ""24012"" ]"
Zamtel (ZM);"[ ""64503"" ]"
Rami Levi (IL);
R Cable (ES);
Mattel (MR);"[ ""60901"" ]"
UNIFIQUE TELECOMUNICAÇÕES S.A. (BR);"[ ""72429"" ]"
Digi (IT);"[ ""22236"" ]"
Biglobe (JP);
SahelCom (NE);"[ ""61401"" ]"
TELMORE (DK);
Globaltel (RS);"[ ""22011"" ]"
KTRN (RW);"[ ""63517"" ]"
Tesco Mobile (IE);"[ ""27211"" ]"
IT&E (GU);
Sprint (PR);
Simyo (ES);"[ ""21419"" ]"
Yesss! (AT);"[ ""23212"" ]"
Viettel Burundi (BI);"[ ""64208"" ]"
Ono (ES);"[ ""21418"" ]"
BBCom (BJ);"[ ""61600"" ]"
Onatel (BF);"[ ""61301"" ]"
Jazztel (ES);"[ ""21421"" ]"
Orange (CD);
Lycamobile (PT);"[ ""26804"" ]"
Telekom Malaysia (MY);
Eircom (IE);"[ ""27203"" ]"
TalkTalk (GB);
MTX Connect (LU);"[ ""27002"", ""90139"" ]"
Yes (YTL Communications) (MY);"[ ""502152"" ]"
VivaCell-MTS (AZ);
Surf Telecom (BR);"[ ""72417"" ]"
giffgaff (GB);
Stephan Test Carrier 3 (PE);
Telkom (KE);"[ ""63907"" ]"
Lycamobile (NO);"[ ""24223"" ]"
MECTel (MM);"[ ""41403"" ]"
Yemen Mobile (NL);
Red Bull Mobile (PL);
spusu (AT);"[ ""23217"" ]"
T-2 (SI);"[ ""29364"" ]"
m:tel (ME);"[ ""29703"" ]"
Tuenti (AR);"[ ""72201"" ]"
Lebara (SA);"[ ""42006"" ]"
Andorra Telecom (AD);"[ ""21303"" ]"
Dish (US);"[ ""313340"" ]"
DIGI Belgium (BE);"[ ""20612"" ]"
OCN Mobile One (JP);
Lebara Mobile (AU);
Vimla (SE);"[ ""24006"" ]"
TPLUS (LA);"[ ""45708"" ]"
BIM Cell (TR);
Dauphin Telecom (MF);
Promobile (SN);
Taiwan Mobile (TW);"[ ""46697"" ]"
Airtel (NG);"[ ""62120"" ]"
Liberty PA (PA);"[ ""71401"" ]"

Monaco Telecom (MC);[ "21210" ]
Telefonica Moviles Spain (ES);[ "21407" ]
Tele2 (RU);[ "25020" ]
Telefonica Germany O2 (DE);[ "26207" ]
Gibtelecom (GI);[ "26601" ]
Primetel (CY);[ "28020" ]
HEY (FO);[ "28802" ]
ONE.VIP (MK);[ "29403" ]
Telecom Liechtenstein (LI);[ "29505" ]
Orange Caraibe (GP);[ "34001" ]
Caribbean Cellular (VG);[ "348570" ]
Digicel BVI (VG);[ "348770" ]
Cubacel (CU);[ "36801" ]
Bharti Airtel Himachal Pradesh (IN);[ "40403" ]
Bharti Airtel Delhi (IN);[ "40410" ]
Airtel North East (IN);[ "40416" ]
Bharti Airtel Kolkata (IN);[ "40431" ]
Bharti Airtel Chennai (IN);[ "40440" ]
Bharti Airtel Karnataka (IN);[ "40445" ]
Bharti Airtel Andhra Pradesh (IN);[ "40449" ]
Bharti Hexacom (IN);[ "40470" ]
Bharti Airtel Maharashtra (IN);[ "40490" ]
Bharti Airtel Mumbai (IN);[ "40492" ]
Bharti Airtel Madhya Pradesh (IN);[ "40493" ]
Bharti Airtel Tamilnadu (IN);[ "40494" ]
Bharti Airtel Kerala (IN);[ "40495" ]
Bharti Airtel Haryana (IN);[ "40496" ]
Bharti Airtel Uttar Pradesh (IN);[ "40497" ]
Bharti Airtel Gujarat (IN);[ "40498" ]
Airtel West Bengal (IN);[ "40551" ]
Airtel Bihar (IN);[ "40552" ]
Airtel UP East (IN);[ "40554" ]
Airtel Assam (IN);[ "40556" ]
Vodafone Oman (OM);[ "42206" ]
CTM Macau (MO);[ "45501" ]
Globe Telecom (PH);[ "51502" ]
Onati (PF);[ "54720" ]
T+ Telecomunicacoes (CV);[ "62502" ]
Belize Telemedia (BZ);[ "70267" ]
SpeedNet Communications (BZ);[ "70269" ]
Digitales Panama (PA);[ "714020" ]
Colombia Movil Tigo (CO);[ "732111" ]
GT&T Cellink Plus (GY);[ "738002" ]